sentence,subject
Amazon Associates is one of the largest and most popular affiliate marketing programs in the world.,Business
"The event horizon of a black hole is the point of no return, beyond which anything that enters cannot escape.",Astronomy
Alkanes are relatively unreactive due to the lack of functional groups.,Chemistry
The opportunity cost of an action is the value of the next best alternative that is forgone.,Economics
Organic farming helps to mitigate climate change by reducing greenhouse gas emissions.,Agriculture
"A black hole is a region in space where the gravitational pull is so strong that nothing, including light, can escape.",Astronomy
"The root system of a plant consists of the roots, tubers, and root hairs.",Biology
"Machine learning is a key aspect of NLP, as it allows computers to learn from data and improve their performance over time.",Computer Science
The study of social stratification in anthropology helps us understand how societies organize themselves and allocate resources.,Anthropology
Affiliate marketing is a low-risk way for businesses to reach new customers and increase sales.,Business
The primary objective of machine design is to create a safe and efficient system.,Engineering
The phloem is responsible for transporting sugars and other organic compounds produced by photosynthesis.,Biology
Alkanes are typically colorless and odorless.,Chemistry
The design of machines requires a deep understanding of the underlying mechanical principles.,Engineering
"In anthropology, social stratification is seen as a way to understand the relationships between different groups within a society.",Anthropology
Organic farming reduces the risk of water pollution.,Agriculture
The concept of social stratification is important in anthropology because it helps us understand how societies change and evolve over time.,Anthropology
The detection of gravitational waves by LIGO and VIRGO have confirmed the existence of black holes.,Astronomy
"Affiliate marketing can be used to promote physical or digital products, services, or courses.",Business
"NLP has many applications in areas such as customer service, marketing, and healthcare.",Computer Science
The concept of opportunity cost is used to describe the trade-offs that are made when resources are scarce.,Economics
NLTK is a popular Python library used for NLP tasks such as tokenization and sentiment analysis.,Computer Science
Opportunity cost can be used to compare the costs and benefits of different choices.,Economics
"Leaf veins are responsible for transporting water, nutrients, and sugars throughout the plant.",Biology
"The plant cell wall is composed of cellulose, hemicellulose, and pectin.",Biology
"Social stratification can be vertical, where individuals or groups are ranked in a hierarchical order, or horizontal, where groups are ranked equally but separately.",Anthropology
Named entity recognition is a task in NLP that involves identifying and categorizing named entities in unstructured text.,Computer Science
"Tokenization is the process of breaking down text into individual words or tokens, which can then be analyzed using NLP techniques.",Computer Science
Stomata are small openings on the surface of leaves that allow for gas exchange.,Biology
Opportunity cost refers to the value of the next best alternative that is given up when a choice is made.,Economics
The goal of organic farming is to produce healthy food while preserving the environment.,Agriculture
"Deep learning is a subfield of machine learning that is particularly well-suited to NLP tasks, due to its ability to handle large amounts of data and complex patterns.",Computer Science
Organic farming methods promote ecological balance and conserve biodiversity.,Agriculture
Affiliate marketing is a form of online marketing that involves promoting products or services from another company and earning commissions on sales or referrals.,Business
"Affiliate marketers use various techniques such as SEO, social media, and email marketing to promote products.",Business
Social stratification is a concept in anthropology that refers to the hierarchical arrangement of individuals or groups within a society.,Anthropology
Affiliate marketers can earn passive income through commissions on sales or referrals.,Business
Plant anatomy is the study of the structure and organization of plants.,Biology
Organic farming is a more sustainable way of producing food than conventional farming.,Agriculture
Opportunity cost is an important concept in economics because it helps individuals and businesses make decisions that maximize their well-being.,Economics
Black holes are among the most mysterious objects in the universe.,Astronomy
"Social stratification can be influenced by factors such as culture, history, and economics.",Anthropology
"Machine design is used in a wide range of industries, including automotive, aerospace, and healthcare.",Engineering
The study of black holes has led to a deeper understanding of the behavior of matter in extreme conditions.,Astronomy
Alkanes have a low solubility in water.,Chemistry
Anthropologists study social stratification to understand how it affects the distribution of resources and opportunities within a society.,Anthropology
Black holes are thought to have played a key role in the formation of galaxies and the distribution of matter within them.,Astronomy
Organic farming helps to maintain soil health and structure.,Agriculture
"Social stratification can lead to social inequality, where certain groups have more access to resources and opportunities than others.",Anthropology
"The shoot system of a plant consists of the stem, leaves, and flowers.",Biology
Organic farming produces healthier and more nutritious food.,Agriculture
"Machine design is a multidisciplinary field that requires knowledge of materials science, mathematics, and physics.",Engineering
Farmers who practice organic farming use natural methods to control pests and diseases.,Agriculture
"Some common NLP applications include language translation, sentiment analysis, and text summarization.",Computer Science
"Plant stems provide support, transport materials, and store food and water.",Biology
The design process typically begins with a problem statement or a need in the industry.,Engineering
Machine design involves the application of kinematics and kinetics to real-world problems.,Engineering
Alkanes can be used as fuels.,Chemistry
Rakuten is a global affiliate network that offers a wide range of products and services to promote.,Business
Alkanes are not very reactive.,Chemistry
Commission Junction is a popular affiliate network that connects advertisers with publishers.,Business
The goal of NLP is to enable computers to perform tasks that would normally require human-level understanding of natural language.,Computer Science
"The machine designer must consider various factors such as cost, safety, and aesthetics.",Engineering
"Anthropologists use various methods, including ethnography and survey research, to study social stratification.",Anthropology
The opportunity cost of a decision is the value of the best alternative that is not chosen.,Economics
ClickBank is a popular platform for creating and selling digital products through affiliate marketing.,Business
"The first four alkanes are methane, ethane, propane, and butane.",Chemistry
Affiliate programs typically offer a unique affiliate link or code to track referrals.,Business
The opportunity cost of choosing one option over another is the value of the option that is not chosen.,Economics
The boiling point of alkanes increases as the number of carbon atoms increases.,Chemistry
The xylem is responsible for transporting water and minerals from the roots to the leaves.,Biology
"Machine design is an iterative process that involves prototyping, testing, and refinement.",Engineering
Alkanes are saturated hydrocarbons with the general formula CnH2n+2.,Chemistry
"Rule-based approaches to NLP involve using hand-coded rules to analyze language, whereas machine learning approaches use statistical models to learn from data.",Computer Science
"In a world of unlimited resources, there would be no opportunity cost.",Economics
Chloroplasts are organelles found in plant cells that are responsible for photosynthesis.,Biology
The mystery of black holes continues to inspire scientific investigation and public fascination.,Astronomy
Organic farming is an agricultural system that avoids the use of synthetic fertilizers and pesticides.,Agriculture
Alkanes can be found in fossil fuels such as petroleum and natural gas.,Chemistry
The gravitational pull of a black hole is so strong that it warps the fabric of spacetime around it.,Astronomy
Organic farming promotes fair prices for farmers and better working conditions.,Agriculture
"Black holes come in various sizes, ranging from small, stellar-mass black holes to supermassive black holes found at the centers of galaxies.",Astronomy
Machine design is a vital part of mechanical engineering.,Engineering
Opportunity cost is a key concept in economics because it helps individuals and businesses make informed decisions.,Economics
The use of computer-aided design (CAD) software has revolutionized the machine design process.,Engineering
The formation of a black hole is often the result of the collapse of a massive star.,Astronomy
Natural Language Processing is a subfield of artificial intelligence that deals with the interaction between computers and humans in natural language.,Computer Science
Opportunity cost is often used to evaluate the desirability of a particular action or decision.,Economics
"Social stratification is often based on factors such as wealth, power, and prestige.",Anthropology
Alkanes are non-polar molecules.,Chemistry
